Hugorimara,7109637984,6917594152415308219,Hugo Rimarachin,CONCUPON Perú,1757548001
Hulk98712,1227114719,-8638888586582424390,Hulk,CONCUPON Perú,1757548001
hunterforme,1637918946,3083923534873430805,lfo,CONCUPON Chiclayo | Grupo,1742629868
hxldks,1039095977,2626335536956470636,Lx,CONCUPON Cuzco | Grupo,1889416612
hxtxrchq,7342913343,-1678230616138027222,hxtxrchq,CONCUPON Trujillo | Grupo,1503612828
Hydrangea18,1650635376,-8214176649717376438,Gab,CONCUPON Perú,1757548001
iam_jose29,1271860567,-6029849821105868703,Jose Isaac [𝕮𝟱𝕽™],CONCUPON Perú,1757548001
iamandywonka,1698198504,8542182193343347906,Andy,CONCUPON Chiclayo | Grupo,1742629868
iamedwin98,1046092192,-894842462933058490,iamedwin,CONCUPON Trujillo | Grupo,1503612828
iamluis20,1776260997,7073257466708949459,Luis RC,CONCUPON Perú,1757548001
iammarck1,5533534514,4398559244131033765,Marck Ponce,CONCUPON Piura | Grupo,1512323102
ianrupay,1647482176,6198135290440872194,Ian Rupay,CONCUPON Perú,1757548001
iavdiamhq,1694375801,1734000654252718215,Karoline,CONCUPON Chiclayo | Grupo,1742629868
icariox,6384171452,-1808880199555326295,Luis,CONCUPON Perú,1757548001
ichubac39077,5310316491,5135851802719830131,Johana,CONCUPON Trujillo | Grupo,1503612828
Idk_Fader,5603158026,4904065948101111570,Javier,CONCUPON Perú,1757548001
Idlcc_19,5489446937,-2604929659740871249,Ivon cobeñas cruz,CONCUPON Perú,1757548001
iEderHs,6029054745,4162884984670995317,Eder,CONCUPON Perú,1757548001
ifimex,2013580845,-7161741648508673907,Ifim,CONCUPON Perú,1757548001
igigam,1695483815,-1844837568639911339,Igi,CONCUPON Trujillo | Grupo,1503612828
Ignaci0988,1340017847,9101172377904994799,U_U,CONCUPON Piura | Grupo,1512323102
iguENiLIcI,1751217721,1948926601657579156,Userc25,CONCUPON Trujillo | Grupo,1503612828
iGustavFx,7069555605,-3256732117332758270,Gustav F.,CONCUPON Perú,1757548001
iHans7,1563224506,-1666792854415792121,Hans,CONCUPON Perú,1757548001
iianperez,1434040212,-7833055027338798654,Ian Perez,CONCUPON Arequipa | Grupo,1548523048
IIMARE05II,1402830760,7143515387871046586,MARE,CONCUPON Arequipa | Grupo,1548523048
IJIAIZI,5435608139,6870324855111278097,Jaz,CONCUPON Perú,1757548001
iKa0z,6136105055,6591158818236575340,iGian,CONCUPON Chiclayo | Grupo,1742629868
iKaozZ,5449316025,3681527822232954844,K∆OZ,CONCUPON Chiclayo | Grupo,1742629868
ILalitoxDI,1549455459,383326599384858415,Tu papi,CONCUPON Piura | Grupo,1512323102
ilap16,1448339615,-5750971899219987777,Ingrid,CONCUPON Perú,1757548001
Ileordeski,5005542218,3986833954847473374,Eli✨,CONCUPON Perú,1757548001
Iloveur16,6964801719,-3760460830602172668,Daniel 🐾 Ar 🍅,CONCUPON Perú,1757548001
iLuca08,1574223148,-3016703421533856311,Luis Cadillo,CONCUPON Trujillo | Grupo,1503612828
iLucass03,930876905,8653647102794069248,iLuc🍏s,CONCUPON Perú,1757548001
ILussionDark,1533855041,-7537252808356749239,G,CONCUPON Perú,1757548001
Im_jboy,6053196915,-1260613301446870195,Diego,CONCUPON Perú,1757548001
Im_juanka,1593642003,-794200707151890902,Juanka Marin,CONCUPON Perú,1757548001
imcool603,1708579933,-1127751254697341026,vitu,CONCUPON Piura | Grupo,1512323102
Imirsuncha,2002225318,-4202647609078169563,Emerson Airton Vargas Mariscal,CONCUPON Perú,1757548001
ImNotStqpid,1094149783,-4041019292766768284,Rodrigo,CONCUPON Perú,1757548001
importacionescyvel,2057139578,-9106644514368298900,IMPORTACIONES CYVEL TECNOLOGY CYVEL Tecnology,CONCUPON Perú,1757548001
IMunlock_Team,1843422700,3971202825937695297,IMunlock Team JGMG,CONCUPON Arequipa | Grupo,1548523048
Imyoung13,5984406573,6570499412973140201,Angel-o 🐶,CONCUPON Perú,1757548001
incaWe,983798626,8298749174635781014,inca,CONCUPON Piura | Grupo,1512323102
IncognitoAs15,5410631927,-2672269032405431882,As,CONCUPON Trujillo | Grupo,1503612828
InDaHat,5545946706,-8553414683939661014,InDaHat,CONCUPON Arequipa | Grupo,1548523048
indieted,1809215629,-449791946465173072,David,CONCUPON Perú,1757548001
indridka,1457750298,4959542194434776616,kathy,CONCUPON Perú,1757548001
iNemes1s,972000517,-8422897420296047322,Carlos Torres,CONCUPON Perú,1757548001
infamousXxX,1651310040,-107716826403523620,مراقب الموتى,CONCUPON Perú,1757548001
Inffernopro,896920485,-2695088266026489362,Inferno Pro,CONCUPON Perú,1757548001
INFINYTEC,1655205118,-2608960526963222914,Fernando Izaga,CONCUPON Chiclayo | Grupo,1742629868
ING4pu35t45,5187764127,-7550603123767437420,APE94,CONCUPON Piura | Grupo,1512323102
ingeniototal,1606272676,5039651899543190746,Martín Campos,CONCUPON Perú,1757548001
INGERA901,1111273434,8053113819929455358,🪉,CONCUPON Perú,1757548001
Ingrid160,6020658632,-6274944422560081281,Ingrid,CONCUPON Perú,1757548001
ingridangval,6384934748,6568070385367323315,Ingrid Anglas,CONCUPON Perú,1757548001
IngridVilchez,5479847676,2244338325542319902,Ingrid Vilchez Chero,CONCUPON Arequipa | Grupo,1548523048
IngrithSolis,5048381116,4396541771336884438,Ingrith Solis,CONCUPON Cuzco | Grupo,1889416612
inkacalls,2064857828,1248094241375737379,INKA,CONCUPON Trujillo | Grupo,1503612828
inkasFamily,1142621489,4090471291941570656,Lintu Garcia ‼️,CONCUPON Perú,1757548001
Invnn,992773340,-2948799657084294597,WILLY,CONCUPON Chiclayo | Grupo,1742629868
IOMI96,1541639758,8167697928429982289,Zz,CONCUPON Perú,1757548001
iosoyxd,1101284826,-105311213189761936,ioxd,CONCUPON Trujillo | Grupo,1503612828
ioXal,1534604350,8662974900179070130,Xiomara Hurtado,CONCUPON Arequipa | Grupo,1548523048
Iranvaur,1506053591,-4911491753455091124,Irvin Valverde,CONCUPON Perú,1757548001
Ireland8,5247839490,-648874001503428679,Ireland,CONCUPON Arequipa | Grupo,1548523048
iriarte20,376504787,240968181790234043,Oscar,CONCUPON Perú,1757548001
irimatic,1316366012,7207679883115468806,FN,CONCUPON Arequipa | Grupo,1548523048
Irina429,1284676605,7165709254276478206,Irina Huanes Zviaguina,CONCUPON Trujillo | Grupo,1503612828
Irinacoiba,884342470,285339635135448885,Irina,CONCUPON Arequipa | Grupo,1548523048
Irisdeniseosorio,2048772347,-7078697354056525571,Denise Osorio,CONCUPON Perú,1757548001
Irma_var,5127028899,-8038149062565920238,IrmaV V,CONCUPON Arequipa | Grupo,1548523048
IrmaDiana11,1675031309,4309601670400966911,Irma Meza,CONCUPON Perú,1757548001
iRom_X,981865534,4347247831752705175,Iromx,CONCUPON Perú,1757548001
Irrelevantia33,1515277954,-1262896178770892144,M H,CONCUPON Perú,1757548001
irreo2222,2001182754,5704847746123918268,.o pruebas,CONCUPON Perú,1757548001
irvesro,5338019023,402452367014655350,Irv,CONCUPON Perú,1757548001
Irvin_0424,1413367376,-4816282086657813558,Irvin Ortiz,CONCUPON Piura | Grupo,1512323102
Is7shsjhsvhx,6811723885,4180936034994366578,Luis carrion,CONCUPON Perú,1757548001
Isa7u7el,7053080640,-265530096906466924,GOD ISRAEL,CONCUPON Perú,1757548001
Isaa1994,1452967609,217117589114463461,Tatiana Santiago,CONCUPON Chiclayo | Grupo,1742629868
isaacjoseg,1490203533,7484497366276234933,Isaac Jose Guerra,CONCUPON Piura | Grupo,1512323102
ISAACVG09,5301367262,-8027111489851621943,Johnny Cruz,CONCUPON Perú,1757548001
isabel_2015,6700629593,-7840004959006656649,Ma_ry_isa,CONCUPON Perú,1757548001
Isabel_cuellito,6697913803,-7260598756073764894,Isabel Cuellar,CONCUPON Perú,1757548001
Isabel_Millones,2082910365,7745512959408169903,Isabel Margarita Millones Vivanco,CONCUPON Chiclayo | Grupo,1742629868
isabel_nb,1525756376,7383568847178894586,isanb,CONCUPON Piura | Grupo,1512323102
isabelhuaira,6723259881,775081946404401817,Isa,CONCUPON Perú,1757548001
IsabellaZG,1198286403,-4401154423672133243,Isabella Z.,CONCUPON Piura | Grupo,1512323102
isagoes18,5734441028,-976212351904048605,Gema Gonzales ❤️,CONCUPON Perú,1757548001
Isai_david,877005543,-6964540269548150340,Isai Cortez,CONCUPON Perú,1757548001
Isaiasssssss,6621842938,-5763166210649852831,Isaíassss Alvaro,CONCUPON Perú,1757548001
Isamar_castillo_garcia,1596229986,3885936380108676207,Isamar Castillo García,CONCUPON Piura | Grupo,1512323102
isapz,1691068558,1740391231034978847,Isai AP,CONCUPON Perú,1757548001
isasedano,5397661164,9105507238578074349,Isa 💖💝,CONCUPON Perú,1757548001
IsCarolay_mbmp,2061996014,-4881762131778945426,Isabel,CONCUPON Arequipa | Grupo,1548523048
isturizj,1386169097,-8599503786339817337,Jeannette Colmenarez,CONCUPON Perú,1757548001
Italo_Rucana,1369503980,3083590483683001927,Italo Luis Rucana Conde,CONCUPON Perú,1757548001
itamarangeles,1116786586,6378973213432816697,Itamar Angeles® / Marketing,CONCUPON Trujillo | Grupo,1503612828
Itielvda,6614058689,2558960473172677050,Itiel Vilca,CONCUPON Perú,1757548001
Its_dievelon,1225540772,8844923021420734384,Diego Caballero,CONCUPON Cuzco | Grupo,1889416612
Its_serotonina,5003031734,-7599793698420865660,Sm,CONCUPON Trujillo | Grupo,1503612828
itsme_yoa,1476802076,-7444554788910564789,G ❤︎︎,CONCUPON Perú,1757548001
itsrumichan,1869779894,-3721228220850632411,Rumi Aquije,CONCUPON Perú,1757548001
IUK26,603844220,201405367673994166,K.Du,CONCUPON Perú,1757548001
Ivan11230,1474932780,-9134766849077809732,Ivan M.,CONCUPON Perú,1757548001
Ivan_S_M_23,1440658059,-3469697085039263935,Iván,CONCUPON Perú,1757548001
IvanArgue,1222441722,5914795918697123038,nero,CONCUPON Perú,1757548001
Ivanchiis,803634558,2172549483529341093,Iván B.,CONCUPON Perú,1757548001
Ivangibs,1393892963,476576728732874698,Iván,CONCUPON Perú,1757548001
ivar695,1413658580,-3352003566464315367,SVANT,CONCUPON Arequipa | Grupo,1548523048
ivdipb,526536580,8985761260712502172,Ivan,CONCUPON Perú,1757548001
izuriel18,431914211,-1607230315550628390,Thanatos20,CONCUPON Perú,1757548001
j0ssve,1345068187,8667354258910687542,Josue,CONCUPON Perú,1757548001
J11AC,5597898783,3760397428310684870,J,CONCUPON Arequipa | Grupo,1548523048
J123xd,1620914458,8396032893992777023,.,CONCUPON Trujillo | Grupo,1503612828
J1bst,1922533970,-1856392444411714359,J1,CONCUPON Perú,1757548001
J1o2se,814146216,1526657727474364284,123 456,CONCUPON Perú,1757548001
J201820,1632217584,-8331521075862381780,J,CONCUPON Arequipa | Grupo,1548523048
J24445555,7857752602,1584920425350147169,🤣,CONCUPON Perú,1757548001
J3Zu95,1872790198,-2551970702270492113,😎,CONCUPON Perú,1757548001
J4Iza,5388908223,4554894049055076,J P,CONCUPON Perú,1757548001
J9C7D,5027387103,-74384125796735655,Jose alexander Carrasco Dioses,CONCUPON Perú,1757548001
J_D_Trump,645066203,-1700742502977819463,Donald J. Trump,CONCUPON Arequipa | Grupo,1548523048
J_DiegoSR,1523322950,7262478086990008642,Jose Diego,CONCUPON Perú,1757548001
JA_00700,1584426482,-4581299014386297022,J A,CONCUPON Arequipa | Grupo,1548523048
JAAZ32,963921572,8933882761984190092,NEsS,CONCUPON Perú,1757548001
jacebot404,1157765564,5034489973487423020,Jose,CONCUPON Perú,1757548001
Jacixjo,5449184534,-8068634591217327857,Lec,CONCUPON Chiclayo | Grupo,1742629868
Jack_1_2_3_4_5,5722594255,3329333470024477601,Jack,CONCUPON Trujillo | Grupo,1503612828
JACK_666666666,1548879614,-4774074006974392461,Jack Salcedo,CONCUPON Arequipa | Grupo,1548523048
JacKat,949930330,-7020321141309996460,Jack Denny Cm,CONCUPON Perú,1757548001
Jackie_PM,1557209875,3524437527881480153,Jackie,CONCUPON Perú,1757548001
jackpreciado,1526033551,2942868637591237095,Jack Leandro,CONCUPON Perú,1757548001
jackrivas03,6245633683,3495427206544908644,Jack Rivas,CONCUPON Perú,1757548001
JackStvv,7929791365,4953908226683841712,mlmmm,CONCUPON Perú,1757548001
Jackwperrow,5379922797,8580465918793459790,94353,CONCUPON Perú,1757548001
Jacky5565,1585840637,-51297741341720415,Jacky Caparachín,CONCUPON Perú,1757548001
Jacobs1418,5622595896,-2045806143412911092,Jacobs,CONCUPON Perú,1757548001
Jacqueliiinn,5039771954,3046008708069775911,Jacqueline,CONCUPON Perú,1757548001
Jacs92,5710232075,1350750260912818862,Guto92,CONCUPON Perú,1757548001
JahirFiestas,5525178530,4482233097375285000,Jahir Fiestas,CONCUPON Perú,1757548001
jahirxp,5789658900,580097709444702059,Angelo Jahir,CONCUPON Chiclayo | Grupo,1742629868
Jaibkky,7581062238,5461640849085066812,Jair D,CONCUPON Perú,1757548001
jailfi,1564473006,-1577253992046620685,JaiL,CONCUPON Perú,1757548001
jaimetpaz,833063651,6464503662112400519,Jaime Trujillo,CONCUPON Perú,1757548001
jainebart,619409575,-8024497981531275817,Jainebar,CONCUPON Perú,1757548001
Jair_Huaripata,5271810244,-7522500739148016587,Jair,CONCUPON Perú,1757548001
JairCZ,802687370,-8861777154259435499,Jair Castillo,CONCUPON Perú,1757548001
Jairiori,5882496564,-2505446736763456980,Jair,CONCUPON Perú,1757548001
jairolsn,6270584360,-6730575897810905441,Jairo Zapata Camacho,CONCUPON Piura | Grupo,1512323102
Jajjejwj1233,1505299027,-81839459864547536,Nova,CONCUPON Arequipa | Grupo,1548523048
Jakelinemurillo_03,1574774906,-4221824588978188056,Jakeline ✌,CONCUPON Perú,1757548001
JakepLcc,6411063516,3446272633517145482,Jake,CONCUPON Perú,1757548001
JALM92,5711221511,-990125119595709458,Joel Andre,CONCUPON Perú,1757548001
james18022066,1074709498,8581751345275534291,James,CONCUPON Arequipa | Grupo,1548523048
jamesitok,1381757933,-3707733816556458324,Jamesitok ,CONCUPON Perú,1757548001
JamesPeru69,5539212750,7273635242258636049,James,CONCUPON Perú,1757548001
Jamico1,5975801749,-7771229357938173888,Cuchito,CONCUPON Perú,1757548001
JamilPanaque,1765458572,-2467787014523165657,Jamil Panaqué,CONCUPON Trujillo | Grupo,1503612828
Jamireyg,6622279196,-490316025958887347,Jamirey Galue,CONCUPON Perú,1757548001
jampier0,2072287455,2442600281419551378,jam h,CONCUPON Perú,1757548001
Jampier05,6131539267,3880411655186833999,Jampier,CONCUPON Perú,1757548001
Jamssj,5396239056,7331685481123738960,Josué More N.,CONCUPON Perú,1757548001
JanetCCE,6084968686,8976134674113397456,Janet Cc.,CONCUPON Perú,1757548001
Janeth8182,6886112848,-2983835694672955383,Janeth Nie,CONCUPON Perú,1757548001
janethpazr,1147487964,-6456942532528600785,Janeth,CONCUPON Arequipa | Grupo,1548523048
Janett110,5519787473,-518561644970428043,Janett,CONCUPON Arequipa | Grupo,1548523048
Jantonio23,1612482905,-418654165805304632,Antonio 🧃🐉,CONCUPON Trujillo | Grupo,1503612828
JanyM_14,1580720301,4803815505351788990,Mirelly,CONCUPON Perú,1757548001
Jaquelineescobar,1493169049,-7375611817557867627,Jaqueline Escobar,CONCUPON Perú,1757548001
JaraHenry,1019944757,-2357621999495051797,Henry Jara,CONCUPON Cuzco | Grupo,1889416612
JarenieGinger,7533006660,4922487739177741263,Ginger Honey,CONCUPON Perú,1757548001
Jaric777,1376921522,-7358760898495209208,Jaric,CONCUPON Perú,1757548001
jarix_vc,5393966101,6184888379851017669,𝓙𝓪𝓻𝓲𝓽𝔃𝓪,CONCUPON Perú,1757548001
jasch001,5854545477,-3642925454330614441,Jasch,CONCUPON Perú,1757548001
Jasmin_Adriano,2057137414,-1665696387457488586,Jasmin Adriano,CONCUPON Cuzco | Grupo,1889416612
Jasmin_Jimenez,5114606200,5600707674839897322,Jasmin Jiménez,CONCUPON Chiclayo | Grupo,1742629868
JasminiMont,6841413333,1390881834652660059,Jasmini Meow,CONCUPON Perú,1757548001
jason672343,6356218985,-4617510815303006737,Cygor,CONCUPON Perú,1757548001
JasonJason01,1910150322,-7608197187924102835,Jason,CONCUPON Perú,1757548001
Jassel1,1590800902,9192863922500276806,Jassel Laura,CONCUPON Arequipa | Grupo,1548523048
jassrim,7423856715,975733167968268216,J R,CONCUPON Perú,1757548001
Jastin280819,989784407,8413381811305250700,Jastin A.,CONCUPON Trujillo | Grupo,1503612828
JaucxD,2023719332,7603834709539717957,Joel U.Cas.,CONCUPON Perú,1757548001
JAV_5571,5489818174,9149425441576191853,CRP,CONCUPON Cuzco | Grupo,1889416612
javiatau,1273675182,-4537213325783276470,javier atau,CONCUPON Perú,1757548001
Javier2909,5378328653,6984539851965525325,J Dlc,CONCUPON Perú,1757548001
Javier781,531218756,-1196169112110288507,Javier,CONCUPON Perú,1757548001
JavierEstrada,1540691133,4553794525399527840,Alain E,CONCUPON Perú,1757548001
JavierHA97,5385048409,7802141746433522238,Javier HA,CONCUPON Perú,1757548001
Javierperalta123,5433750112,-395798576319888898,Javier Peralta,CONCUPON Perú,1757548001
Javierptyx,6999407320,3334866737220665661,Javier,CONCUPON Perú,1757548001
javiersoto06,1574294407,8741594264064092007,Javier Soto,CONCUPON Chiclayo | Grupo,1742629868
javitox7,862051891,8481861146029712692,javitoss,CONCUPON Arequipa | Grupo,1548523048
Jayjo_jk,942794511,-5084509113748656846,Jayjo (Judith),CONCUPON Piura | Grupo,1512323102
JayzCR,5033067212,924073575411996429,Jays,CONCUPON Arequipa | Grupo,1548523048
jaz_2089,7964414062,-3548391791647972569,Jaz,CONCUPON Perú,1757548001
jazftyo,7794064082,-4983671200316746345,Jazmine,CONCUPON Perú,1757548001
Jazmin180899,6097367261,3567737380040455310,Jazmin YM,CONCUPON Perú,1757548001
jazmindiazh,1124953129,1591664053825501735,Fatima Morán,CONCUPON Chiclayo | Grupo,1742629868
jbovi99,1486427385,2979010017778629921,Bv,CONCUPON Chiclayo | Grupo,1742629868
Jbpr7,5441296071,956556579175681801,Josy,CONCUPON Perú,1757548001
JC9364,1754437248,-8909728713928281698,Admin P.,CONCUPON Perú,1757548001
JC_ALBERT,2044119201,1392180697534705814,Jesús Carlos,CONCUPON Perú,1757548001
JCarlos_22,1547014574,-6418030574878435746,JCarlos,CONCUPON Arequipa | Grupo,1548523048
jcbriones30,1490206062,3062516614247963017,Carlos,CONCUPON Perú,1757548001
jccelec2326,583759387,1675963202206704619,Jorge C.,CONCUPON Perú,1757548001
JChristianz,1537451203,6213723843419271657,Josep Christian,CONCUPON Trujillo | Grupo,1503612828
JCM2809,6763891082,-512026540404188721,J C,CONCUPON Perú,1757548001
Jcnnm,1603635856,2716390005291935832,Jcjhum,CONCUPON Perú,1757548001
jcolAn91,6639378286,8896112446475081756,colAn jose,CONCUPON Perú,1757548001
JCPT04,1497333241,-5499628715134753604,Cris T,CONCUPON Perú,1757548001
jcrisgram,1135138971,2020193592519375836,Sr. Cristhian,CONCUPON Perú,1757548001
jcvenero,335275001,-1921158464195712846,Juan Carlos Venero,CONCUPON Perú,1757548001
jd0404,6160942447,2217849409160000859,JD,CONCUPON Chiclayo | Grupo,1742629868
JDanielQO,5474337421,414813907800947143,Daniel Quésquen,CONCUPON Perú,1757548001
Jdanielsan04,1999530914,4679456587152943674,.,CONCUPON Perú,1757548001
jdavidrp11,674331550,-5283240318889644345,David,CONCUPON Perú,1757548001
JDBC94,1594335086,-6333955914338842768,JuanD B.C,CONCUPON Perú,1757548001
jdct2,1242684907,-8025576388365001810,ok,CONCUPON Perú,1757548001
jdelrosarioam,731694442,6224633531350203393,Jonathan Del Rosario,CONCUPON Perú,1757548001
Jdf50,946942651,4023943358512952070,JD,CONCUPON Chiclayo | Grupo,1742629868
jDiaz2002,1351434596,-7353722602606893490,JPradoDiaz,CONCUPON Perú,1757548001
JDiego14,1499146914,5517829313074827040,JDiego,CONCUPON Perú,1757548001
jdlcer,1087408572,3252903690585738779,J76,CONCUPON Perú,1757548001
Jdmt10,1923101752,5924269465270895509,Jdmt10,CONCUPON Perú,1757548001
JEA_BG,1560940132,-3109420687471324717,Jea,CONCUPON Perú,1757548001
Jeampier29,5522662007,2312052639946585027,J M,CONCUPON Trujillo | Grupo,1503612828
Jean_Pierr3,5069120405,4667173773664025586,¬¬,CONCUPON Perú,1757548001
jeanCa13,1068111037,4576454037838164509,Jean,CONCUPON Perú,1757548001
jeancarloarqque,1171995637,-8175223459071053550,Jeancarlo Arqque,CONCUPON Perú,1757548001
jeanfffff,6476784358,581770758580280078,Jean F_,CONCUPON Perú,1757548001
Jeank989,1112852905,1070304912669520940,J,CONCUPON Arequipa | Grupo,1548523048
Jeanka95,2042303549,2782738923259289150,Jeanka,CONCUPON Perú,1757548001
jeanpier4912,5904422729,-3234049503453346132,Jean pierre Espinoza,CONCUPON Perú,1757548001
jeanPiere_04,1588622408,-4438979849494004725,Jean,CONCUPON Arequipa | Grupo,1548523048
Jeanpierocc,1223553313,-931109727236857565,JeanPieroCC,CONCUPON Piura | Grupo,1512323102
Jeanpierreav12,1492623224,-2023463266418156202,Jeanpierre Alarcon,CONCUPON Perú,1757548001
Jeanpierredlt,401487288,-8918464509812815033,𝕁𝕖𝕒𝕟𝕡𝕚𝕖𝕣𝕣𝕖𝕕𝕝𝕥 🇵🇪,CONCUPON Arequipa | Grupo,1548523048
JeanPlasencia,5651399753,4175520867701944547,Jp,CONCUPON Perú,1757548001
JeanRD08,1563924762,-2987107415075980426,Jean,CONCUPON Perú,1757548001
Jeansurco,6658770092,-5367198484791785278,Rod Surco,CONCUPON Arequipa | Grupo,1548523048
Jeant0204,1386634550,-2749117753031803591,Jean 🍃,CONCUPON Perú,1757548001
jeanV11,6180118494,2880221228927600685,Jean,CONCUPON Trujillo | Grupo,1503612828
Jebalboa,1631276462,-5039929667656349242,Je orquesta,CONCUPON Perú,1757548001
jechumo,6274153726,-7119831011729115437,Jesus Molina Calizaya,CONCUPON Perú,1757548001
Jeeshon,5903388703,3385258655762867969,Jayson[ΣM],CONCUPON Cuzco | Grupo,1889416612
jeff5796,867290364,3639386228055683616,Jefferson Paredes,CONCUPON Perú,1757548001
jefferson15300,6221512821,-6882011072080832076,Jeff,CONCUPON Perú,1757548001
Jeffreydch19,860071359,2060786590926988471,Jeffrey,CONCUPON Arequipa | Grupo,1548523048
JefryC6,5048687254,1770772695013901331,Jefry,CONCUPON Perú,1757548001
JefryCharlie,1171107642,-2644869046268692766,Jefry Charlie,CONCUPON Arequipa | Grupo,1548523048
jefvg,1112969151,-4781951487714985671,Jef,CONCUPON Perú,1757548001
Jeikoalessandro,6214710894,6896788643486134636,Rogger Jhonatan,CONCUPON Perú,1757548001
JEISS3N,2089450344,4969328034235270176,Jeisson Rodriguez,CONCUPON Trujillo | Grupo,1503612828
jelly17_1000,7075314672,-6764698505436833549,Myll,CONCUPON Perú,1757548001
Jemagani,1362282767,-2945120404347981696,Jesús Gal,CONCUPON Arequipa | Grupo,1548523048
jemayker,5161407751,8314333780021586195,Jomar PM,CONCUPON Perú,1757548001
jemi_181,772975186,-2915627549047290816,jemina chf,CONCUPON Piura | Grupo,1512323102
jenilicious,1320855122,3705739286676728628,Jenifer,CONCUPON Arequipa | Grupo,1548523048
Jenn913,5337395462,3217662039141356297,Jennza 👻,CONCUPON Perú,1757548001
Jenni726,1516678179,4063956298573839636,Jenni,CONCUPON Perú,1757548001
JenniferBenLla,1512995503,-8916962464489703523,Jennifer,CONCUPON Perú,1757548001
JenniferSharonLzo,1512587377,2964432506477969446,CHIC CHICKS,CONCUPON Perú,1757548001
JenniSuarezz,5160229373,-8853133018325300841,Jenni Suárez,CONCUPON Perú,1757548001
Jennyliu24,6899551303,3731451894910726771,Mery,CONCUPON Arequipa | Grupo,1548523048
JEnrique_7,5928793189,3123733190136630174,Enrique,CONCUPON Perú,1757548001
JEPU2010,1877405935,2896129792663464031,Jesus,CONCUPON Trujillo | Grupo,1503612828
Jeral2m,6980183617,2531576605829895462,Jeral2m,CONCUPON Perú,1757548001
Jere_33,6493288901,-5106753323855971150,Jere,CONCUPON Perú,1757548001
Jericko123,1958816661,-2972345375101392663,Jericko 123,CONCUPON Arequipa | Grupo,1548523048
JeriLu,1683284612,-5170421539072105108,JeriLu,CONCUPON Arequipa | Grupo,1548523048
jeromyu91,120883570,5232937263344431571,Jer,CONCUPON Perú,1757548001
jerson147,5436565145,-4176081031678025205,J&J,CONCUPON Perú,1757548001
JersonHz,1531751876,-410285216962575262,Jerson,CONCUPON Perú,1757548001
jeshus27,482071278,421100718648893401,D.J.O,CONCUPON Perú,1757548001
jesi1124,5299997502,4933863482301924251,Loss,CONCUPON Perú,1757548001
Jess_Jimnz,368308810,-5927998683409666366,Jessica Jimenez,CONCUPON Perú,1757548001
Jessi2608,1535622106,7037571711998929418,Jéssica Pizarro Dávila,CONCUPON Chiclayo | Grupo,1742629868
Jessica240724,6188872994,1256291262604863778,Jessica OQ,CONCUPON Perú,1757548001
Jessica_Yo,1538920077,8146344132407123771,Jessica Ramos,CONCUPON Perú,1757548001
Jessicaitoa,1639237372,-8721423406608284684,Jessica,CONCUPON Arequipa | Grupo,1548523048
jessicamendez311,2021776426,8461640126295155463,Jessica Mendez,CONCUPON Perú,1757548001
JessicaPO21,1695047793,4318826837301705110,Jessica,CONCUPON Perú,1757548001
Jesskat29,1514327533,-7956512077585126103,Jessica Fierro,CONCUPON Perú,1757548001
Jesssies,2013999128,6472576311369177948,Jess😄,CONCUPON Arequipa | Grupo,1548523048
jessy09608,5737876696,-8923143286575502322,.,CONCUPON Trujillo | Grupo,1503612828
Jessy_5L,1766475341,7549326356024693950,JS🍀🌻♥️🧿,CONCUPON Trujillo | Grupo,1503612828
Jesuci,836159260,-3826412817063359556,Jesus A,CONCUPON Perú,1757548001
jesumasa,5116282301,-3119079949925248671,jesus may,CONCUPON Perú,1757548001
jesus_pretell,1908220334,4923937275522804089,Jesus Pretell,CONCUPON Perú,1757548001
jesus_split,7008112911,5685796242222585019,jesus,CONCUPON Perú,1757548001
Jesus_Zeta,1580571986,-6892327597484012197,Jesús Z.,CONCUPON Perú,1757548001
JesusAguirreRuiz,1181731573,4737868706229558328,Jesus Aguirre Ruiz,CONCUPON Perú,1757548001
Jesuscs1,5355188894,-3598820383908446846,Jesús,CONCUPON Perú,1757548001
JesusEspinoza012,6549068931,4819713145996907308,Enrique Espinoza,CONCUPON Perú,1757548001
Jesusf0906,1280129715,-6701868744122005732,Jesús Flores,CONCUPON Perú,1757548001
JesusHT31,5031325286,5831806802391685422,Jesús Hernandez,CONCUPON Perú,1757548001
jesusjesus1111,1485298866,-627423542396355626,Jesúsp,CONCUPON Perú,1757548001
jesusllontop,1281272647,3564034070536519761,Jesus,CONCUPON Trujillo | Grupo,1503612828
Jesusmipastorx100,1950634462,-1883886276846007002,jesusmipastorx100,CONCUPON Perú,1757548001
Jesybeth,5967494834,-5195498795199191646,Jessie Betsabel Santillan Torres,CONCUPON Perú,1757548001
JetroRios,1976103143,-7951384456123180152,. .,CONCUPON Perú,1757548001
jetv_007,774300930,601937257799195814,Jorge Enrique,CONCUPON Perú,1757548001
JeXXOAz,6554463218,4652110317105842248,J E,CONCUPON Perú,1757548001
jeysonponcealvaro,1361627203,-3849858610763009216,Jason Ponce,CONCUPON Perú,1757548001
JGP1234567,1651640137,-1339677140966700090,J.G,CONCUPON Arequipa | Grupo,1548523048
JhanisaT,6505422029,-7643376790740750034,Jhanisa Taboada,CONCUPON Perú,1757548001
Jhaquelinbustamante,823424029,8227436422522980638,Jhaqui,CONCUPON Chiclayo | Grupo,1742629868
jhaydenramos,2090548161,-6282538860799955097,Nicol Ramos,CONCUPON Perú,1757548001
Jhaz24,1020939869,-5532498047226218965,Max Bendezú,CONCUPON Perú,1757548001
Jhefang,1379669390,-4357381891948054165,Anthony,CONCUPON Perú,1757548001
JhefersonEsca,1874444781,9125025601123668581,Jheferson,CONCUPON Perú,1757548001
Jheison_AB07,5620742739,6953534026922922503,Jheison AB,CONCUPON Perú,1757548001
JherzonTovar,1584652188,7323187853115896271,.,CONCUPON Perú,1757548001
Jheymy,5937599208,-189603027358468300,Jheymy Molina,CONCUPON Arequipa | Grupo,1548523048
JheysonArt,1556831751,-8504452270039586454,Jheyson,CONCUPON Trujillo | Grupo,1503612828
JheysonMolina,866166042,8096888689746875370,Jheyson Molina,CONCUPON Perú,1757548001
JHfisio05,1508251125,-3344574756614011148,JH Nieves,CONCUPON Perú,1757548001
Jhivan_76,2035850507,7632948549566625042,Wasarito,CONCUPON Perú,1757548001
jho_180,1704247888,-1144770861925360404,Joseph,CONCUPON Perú,1757548001
Jhoel202,1193183645,-9164622560748493435,Jhoel,CONCUPON Chiclayo | Grupo,1742629868
jhomas,1572749037,-5411128153171195127,J,CONCUPON Perú,1757548001
Jhon1311,1557820221,8455718584397818073,Jhon,CONCUPON Trujillo | Grupo,1503612828
JHON1706,5603537913,4079703696085811988,Jhon H.,CONCUPON Perú,1757548001
Jhon_Aldair,1724809554,-6957955623807740650,Jhon Aldair,CONCUPON Arequipa | Grupo,1548523048
Jhon_tech,1055366813,-5522553638039927794,JhonTech,CONCUPON Perú,1757548001
JhonaRAx87x,1104625132,2101321885220370267,Jhona RA87,CONCUPON Trujillo | Grupo,1503612828
JhonatanTrujillano,1587847030,7161008285201624499,…,CONCUPON Chiclayo | Grupo,1742629868
jhonathan12345,5775489605,-4911140904934103112,Jonathan J,CONCUPON Perú,1757548001
Jhonathand21,1500893606,4401168008969350937,Stigm@,CONCUPON Perú,1757548001
JhonCM17,5121966725,6133276226352288548,Jhon Cm,CONCUPON Perú,1757548001
jhondj23,1056565740,-8382663932901593884,Jhon,CONCUPON Perú,1757548001
Jhonerick9718,1325555217,-2675629758504263107,Jhon Ccarhuarupay Medrano,CONCUPON Arequipa | Grupo,1548523048
JhonLeon7,1648273677,-1810524170557864020,Jhonathan Leonardo,CONCUPON Perú,1757548001
Jhonnypachec0,6064162131,1994764699602645022,Jhon Mm,CONCUPON Perú,1757548001
jhons200,1428955294,-3696396556552504736,Jhonny,CONCUPON Arequipa | Grupo,1548523048
Jhonscallao,7997759741,4443209285841729174,Jhona,CONCUPON Perú,1757548001
JhonSmithUribeT,7366103662,-2050378855273132811,Jhon Smith Uribe,CONCUPON Perú,1757548001
Jhonss18,1666829241,3906949844392771546,Jhon,CONCUPON Chiclayo | Grupo,1742629868
Jhonta08,5295160984,956732901188335320,Jhon T,CONCUPON Perú,1757548001
JhonTito27,1629724596,-5232521851091527463,Jhon T.,CONCUPON Arequipa | Grupo,1548523048
JhonYon17,5760423591,4145332726320898537,Jhon,CONCUPON Perú,1757548001
JhonySam,1549844917,-797300992058472329,Jhony Sam,CONCUPON Chiclayo | Grupo,1742629868
Jhonz1221,6025178054,-1536378110437262062,Jim,CONCUPON Perú,1757548001
JhonZea,1557251727,-2028332461471234488,Jhon Zea,CONCUPON Arequipa | Grupo,1548523048
JhoOOooooow,5155411549,9157084700360585441,J,CONCUPON Perú,1757548001
Jhor041,6506961690,1661908384492995129,Jhor,CONCUPON Piura | Grupo,1512323102
Jhordanct,1787952170,267265108005908386,._./,CONCUPON Perú,1757548001
Jhordannjosep,690865831,-3160975267955798749,Jhordann Josep Gonzalez Castro,CONCUPON Perú,1757548001
JhosaY95,1798486607,352301386315678568,Jhosa YQ,CONCUPON Trujillo | Grupo,1503612828
JhostinC,495274103,-611027922648003591,Jhos,CONCUPON Perú,1757548001
JHS171287,2055031813,2095832270151541668,Johnatan Huamán Salcedo,CONCUPON Perú,1757548001
Jhwal25,5108597513,9054929365212126226,MINECRAFT,CONCUPON Arequipa | Grupo,1548523048
jhxn_10,8144497321,-8274803090887298537,Jhon,CONCUPON Perú,1757548001
JibajaAlejandra,1412888781,8011139825800111120,Alejandra Jibaja,CONCUPON Perú,1757548001
jIHaDHacking,1240356658,8960848631737096123,jIHaD,CONCUPON Arequipa | Grupo,1548523048
Jijaaaaz,6164500575,-7694818236422108928,Las Jijaaaz,CONCUPON Arequipa | Grupo,1548523048
Jilankiri,6071388426,8126631477470562915,Pietro Z Rodriguez,CONCUPON Perú,1757548001
Jim20X,6932672702,5253598540546432834,Jean,CONCUPON Perú,1757548001
JimAleFab,1904962738,-8794100028552835755,Jimmy,CONCUPON Perú,1757548001
JimeD21,1716612576,-8108435062186283110,Jimena Chumpitaz,CONCUPON Perú,1757548001
Jimelva,6165439769,5153147579571855182,Lorena,CONCUPON Perú,1757548001
Jimemontp,1592282010,6846441096671012678,Jimena Montenegro,CONCUPON Chiclayo | Grupo,1742629868
Jimena1705,1492995400,1778010222515677912,Jimena,CONCUPON Perú,1757548001
Jimmyloco24,1321268336,7755831791317924425,Jimmy M,CONCUPON Perú,1757548001
jimmymace,708057461,1377996680249825546,Jimmy,CONCUPON Perú,1757548001
Jimmypotter_1,759069322,498827471168862784,Jimmy,CONCUPON Cuzco | Grupo,1889416612
JimmyRC,715105237,458712600930441547,Jimmy RC,CONCUPON Perú,1757548001
JimPaul,695691227,-1360838355946808861,Jim Paul,CONCUPON Chiclayo | Grupo,1742629868
Jimraynold,5735333904,-2409817249792187116,Gustavo,CONCUPON Perú,1757548001
Jispg29,6259855509,7459386900983883363,Jesus,CONCUPON Perú,1757548001
JivanMartins,5215000519,6577619280630596590,Iván Martínez,CONCUPON Perú,1757548001
jj00011,1923568113,-9035417564867830812,Jj,CONCUPON Piura | Grupo,1512323102
Jj0894,7117405460,7453922188143692705,.,CONCUPON Perú,1757548001
JJ09JJ10,1489511656,6326032685366763901,...,CONCUPON Piura | Grupo,1512323102
Jjalfrogan,6684811771,-291192427657865305,...,CONCUPON Perú,1757548001
JJAZO18,1556286748,5738091632420650325,JUAN ZUTA ORTIZ,CONCUPON Perú,1757548001
jjf995,1490561159,-6734760915127314650,F,CONCUPON Perú,1757548001
JJhonatan,923217480,-520644115619510417,Jhonatan,CONCUPON Perú,1757548001
Jjose28,844153647,382278106203937060,Jjose,CONCUPON Perú,1757548001
JJSOHU,790411300,-3748961164877050431,JOHN,CONCUPON Arequipa | Grupo,1548523048
jjvch06,6659078111,5577320854260247483,Jonathan,CONCUPON Chiclayo | Grupo,1742629868
jjvd1,1512733474,-4477917590819260064,Jordy,CONCUPON Trujillo | Grupo,1503612828
jjvgpm,6902853748,8792085434088633135,Jhennry Valladares,CONCUPON Perú,1757548001
JKEsquivel,800583110,-6833203757249067187,Jhon Esquivel,CONCUPON Trujillo | Grupo,1503612828
jkkllop67,6199258851,-5264631986432659474,Pat,CONCUPON Arequipa | Grupo,1548523048
jklfhvq,1511387159,1421325850676416883,.,CONCUPON Piura | Grupo,1512323102
jklmen,1918153381,529564858293274669,Lisset Jasmiry ❤️,CONCUPON Perú,1757548001
jklmn87,1385100157,-8157800257491902376,Jim,CONCUPON Perú,1757548001
JKsesino,1715517824,563772806826127954,JKsesino,CONCUPON Cuzco | Grupo,1889416612
JLCLZ_03,1909603202,-8788863879250290510,Uwu,CONCUPON Perú,1757548001
jldazar,384529596,7268493112756058442,jose daza rodrik,CONCUPON Chiclayo | Grupo,1742629868
JLfAJZYZ,5512612331,-2731918230788319648,Jair,CONCUPON Perú,1757548001
jlisset25,564513994,2678565195938565328,Lissethe25,CONCUPON Perú,1757548001
jloan02,775251816,3921545280621838933,Julio,CONCUPON Perú,1757548001
JLOCUPADO,5498022294,-8260872813580163363,Luis,CONCUPON Piura | Grupo,1512323102
Jlpze,828050682,2274876966862294244,Jlpze,CONCUPON Perú,1757548001
JLRM123,5157588672,-653252567285557018,Jj,CONCUPON Perú,1757548001
JM041996,1786579272,-8090302905188690531,J L,CONCUPON Perú,1757548001
JM242003,1225303836,-1060668506997675461,GT,CONCUPON Perú,1757548001
Jm6175,6688422556,-2117949862243024097,Josues Merado,CONCUPON Perú,1757548001
JmartinDj,1578752006,4359540974524088411,Martin,CONCUPON Perú,1757548001
jmce2004,955915077,-8443765911803981019,José Miguel C. E.,CONCUPON Arequipa | Grupo,1548523048
Jmcluis16,1546050270,4931723273147583608,Jose Moreno Campos,CONCUPON Trujillo | Grupo,1503612828
jme2023,1984512542,-2201249959483813699,jairo mezarina,CONCUPON Perú,1757548001
JMGT7,952813620,-2623116406773646945,Jonathan,CONCUPON Chiclayo | Grupo,1742629868
jmigeel,1504190241,5803968518841088082,Jmigeel,CONCUPON Perú,1757548001
Jmoraleshu,1547855377,-8303505390754039980,Johnny Morales,CONCUPON Arequipa | Grupo,1548523048
jmoyar1,787149002,3546168743690201096,S,CONCUPON Trujillo | Grupo,1503612828
Jo_per,1412412530,5441635500403688575,J,CONCUPON Perú,1757548001
joaco1401s,2031396695,4634890328344176331,Joaquin Alejandro,CONCUPON Perú,1757548001
Joal_Bej,1484363435,-1202774697502023451,Joal,CONCUPON Arequipa | Grupo,1548523048
JoaLinares,999625136,-6171690795440586636,Joa Linares,CONCUPON Trujillo | Grupo,1503612828
Joamelss,1822385065,-5532218300544688610,Joha 💜💜,CONCUPON Perú,1757548001
Joan2828,5919192922,-83375101240666762,Joan,CONCUPON Arequipa | Grupo,1548523048
JoanAquino,1584457143,-4583335498790513,Joan Aquino,CONCUPON Chiclayo | Grupo,1742629868
JoanB06,5583077716,-3971623610987276782,Hzk.,CONCUPON Perú,1757548001
JoaoTalledo,1916846268,-8701390340229027873,Joao Talledo,CONCUPON Perú,1757548001
joaquin22_09,380785616,-808755415623345302,J.Quin,CONCUPON Perú,1757548001
Jobepa08,1572411468,6098857483235770445,20 23,CONCUPON Trujillo | Grupo,1503612828
Joc_24,1025929610,3628765599713753097,Jose,CONCUPON Perú,1757548001
JocAndrez,702876801,4268317726294080113,José Andrés,CONCUPON Perú,1757548001
Joclau74,646475623,-3043750005142860274,J.C.O.R,CONCUPON Piura | Grupo,1512323102
Joclem01,1573168594,-3096416991277043987,Christian L.,CONCUPON Trujillo | Grupo,1503612828
jodido2023,6361614716,-5760436104362327152,HardPoint,CONCUPON Perú,1757548001
Joe_R_I,1256896172,6831519933121837115,Joe,CONCUPON Perú,1757548001
JoeAlp,709033794,2835034667680161455,Joe,CONCUPON Arequipa | Grupo,1548523048
JoeAnMO,1535651264,7252888048594078873,Yo Soy,CONCUPON Perú,1757548001
JoeC25,1629067457,-8357054624223393057,J C.,CONCUPON Perú,1757548001
Joel2300,7120712450,-8267786612054813834,Joel,CONCUPON Perú,1757548001
joelchallco,1742975483,-7152581408951385321,joel,CONCUPON Arequipa | Grupo,1548523048
JoeldryJOV,1808080017,1830874632044042101,Joeldry Osorio,CONCUPON Perú,1757548001
Joelelguaco,6528148253,1009239332422934296,Joelelcarapez .,CONCUPON Perú,1757548001
joeljoel8,1478614730,1531992356148116343,Joel Menacho,CONCUPON Perú,1757548001
Joelon631,5510405725,-9071370924792539587,Joseph A.,CONCUPON Chiclayo | Grupo,1742629868
JoelOviedo,1411161386,-2866129027845546961,Joel Benavente Oviedo,CONCUPON Arequipa | Grupo,1548523048
JoelRM08,5019475673,7423579106775144895,Joel Ramos,CONCUPON Perú,1757548001
joelrtv,1585973437,-1805094325332341352,Joel T,CONCUPON Perú,1757548001
joelvilca,898899140,4187026141144858255,.,CONCUPON Perú,1757548001
joelZoomer,1310714749,-2110159390993380328,Joelo Vergara,CONCUPON Arequipa | Grupo,1548523048
JoffreOF,1545043686,-220251032043053287,Joffre Ordinola,CONCUPON Perú,1757548001
Joha0310,1069434843,5374758750561913494,Johannel Garcia,CONCUPON Perú,1757548001
Johan00013,5494192665,2661908003278286819,Jose Lizana,CONCUPON Arequipa | Grupo,1548523048
johan50000,1171293433,2202970681121207754,JOHAN,CONCUPON Perú,1757548001
Johan_CJ,1389354542,-2382320214439087826,Johan Jimenez,CONCUPON Perú,1757548001
Johana28A,5347293454,-8816912695453092841,JOHANA,CONCUPON Perú,1757548001
johanbop,6852212919,4093347613190676892,Johan Becerra,CONCUPON Cuzco | Grupo,1889416612
JohanCoronacion,1412598229,2026627875521764573,johan Coronación,CONCUPON Perú,1757548001
johandbo,1044652914,-1360664763238400912,.,CONCUPON Arequipa | Grupo,1548523048
Johanedson,1005791692,8344445756457713772,Johan,CONCUPON Perú,1757548001
JohanJaos,402462797,-6520707773184808739,Johnny Ovalle,CONCUPON Perú,1757548001
JohanRivm,1649863516,-8667281448763133476,Johan R,CONCUPON Perú,1757548001
JohanYuc,1526056634,-939025127210603184,Johan,CONCUPON Perú,1757548001
johe_99,6296828080,-1502089539370611725,ram,CONCUPON Perú,1757548001
JohelysPacheco,5299241926,7514220693293390294,Johelys Pacheco,CONCUPON Perú,1757548001
Joheyko,615029542,5445219192659310520,Jorge Acasiete,CONCUPON Perú,1757548001
JOHNAMP,1268452304,-3450690121515323946,Johnamp U,CONCUPON Perú,1757548001
Johnfer18,1279787094,4727987478696624730,John Fer,CONCUPON Perú,1757548001
Johnn1987,693691501,7470714229296877697,John,CONCUPON Perú,1757548001
Johnsen08,1539475049,7153602161952217925,John,CONCUPON Perú,1757548001
Johnxito,472263302,-1856513157654106985,John Abanto,CONCUPON Perú,1757548001
Jolo96,1872074557,6853234771575677374,Joel Alex,CONCUPON Perú,1757548001
JolPumita,5353196762,7936961507480152812,Pumita L,CONCUPON Cuzco | Grupo,1889416612
jom252000,5126938818,-5432724455106497480,J,CONCUPON Chiclayo | Grupo,1742629868
jona2020,1329795292,-7698870713182868515,Jon G,CONCUPON Piura | Grupo,1512323102
JonaOgrish,6075873900,-1129726707628028297,JonaJona,CONCUPON Perú,1757548001
jonathamp7,1425805132,-4359018684763061642,jmp,CONCUPON Perú,1757548001
Jonathan1202,1622593515,5289516043064544662,Jonathan,CONCUPON Arequipa | Grupo,1548523048
jonathanar1,1290622504,-7621657459729065363,Jhon,CONCUPON Perú,1757548001
jonathandeoz,253297554,-2838821337826931575,Jonathan,CONCUPON Perú,1757548001
jonathandylan,972028287,626781320115896263,Jonathan,CONCUPON Perú,1757548001
Jonathangg798,6181876874,5183535741615158884,Jon,CONCUPON Perú,1757548001
jonathansolartv,1855764881,823019644222499206,Jonathan Reyes,CONCUPON Piura | Grupo,1512323102
Jonjav2,1939193307,-7823348940573646676,Jony,CONCUPON Trujillo | Grupo,1503612828
JonMilthon,1555913256,324406827522158393,Jon Stramart,CONCUPON Perú,1757548001
JonyCeminombre,1600876057,-8783976065163237565,Elton tito,CONCUPON Perú,1757548001
Jonypacheco1,8031710452,-6678053687825456190,Jony Pacheco,CONCUPON Perú,1757548001
Joordanx,1886646029,4253302109437887283,Jordan Alexander Porras Esquivel,CONCUPON Perú,1757548001
jop12344,5660991179,4003278390246208696,JAV,CONCUPON Perú,1757548001
jor_1973,1913733250,8821458705661377949,Jor,CONCUPON Perú,1757548001
Joralex79,1473071774,1547751291991243292,Jorge,CONCUPON Perú,1757548001
JORDAAN1106,5441251996,-3920049840806317165,Jordaan,CONCUPON Perú,1757548001
Jordanach08,5814344530,287060868658027985,Jordana,CONCUPON Perú,1757548001
jordancb09,1526343131,3798944249294224519,-,CONCUPON Perú,1757548001
JordanLp189,1420903026,1212760910266427163,Jordan LP,CONCUPON Perú,1757548001
Jordin943,5327338622,-7504909247345395755,S. I.,CONCUPON Perú,1757548001
Jordyh2,7162290833,7077709442306432096,Jordyh,CONCUPON Perú,1757548001
jorge0294,1303768777,538466019583476161,J F,CONCUPON Perú,1757548001
Jorge2928,5844137355,-7897837027743208372,Jorge 298,CONCUPON Perú,1757548001
jorge4343,1540746059,7753991908795178155,jorge h,CONCUPON Perú,1757548001
jorge64925,5318320815,3972445171941136039,Alonso,CONCUPON Perú,1757548001
Jorge_2157,1104691083,-2751427230058628458,Jorge L,CONCUPON Perú,1757548001
jorge_azna,1119900588,7306607604795228901,Jorge Aznaran,CONCUPON Trujillo | Grupo,1503612828
Jorge_Carvallo,1818870402,-5626095668492537434,Jorge Carvallo,CONCUPON Perú,1757548001
JorgeArana15,1320375835,-8548489850891682932,Jorge Arana,CONCUPON Perú,1757548001
jorgearias95,1488726874,2751190349200998286,Jorge Arias,CONCUPON Perú,1757548001
Jorgeballon3011,5210285028,1505289440605476327,ballon,CONCUPON Piura | Grupo,1512323102
jorgecalderon7,1523363382,7732183924885525035,Jorge Calderón,CONCUPON Perú,1757548001
Jorgecastilloo,6653602138,3225752295699086506,jorge castillo,CONCUPON Perú,1757548001
Jorgeh_l,1519179538,-5716334728522800301,Jorgeh🇻🇪,CONCUPON Perú,1757548001
JorgeManay,1645640858,6066676558294823729,Jorge Manay,CONCUPON Chiclayo | Grupo,1742629868
JorgePoma01,1439289744,-3086281654435163787,Jorge P.,CONCUPON Trujillo | Grupo,1503612828
JorgueRio,1968064069,2724338063373337729,Jorgue,CONCUPON Trujillo | Grupo,1503612828
JoRiv98,5505533070,703401070641201151,JRA R,CONCUPON Perú,1757548001
jorniv,591598183,5603362751420478967,Juelix_dacat,CONCUPON Trujillo | Grupo,1503612828
JoSarita,6253019647,1583215789241694329,Sarita,CONCUPON Arequipa | Grupo,1548523048
Josca34,6238534567,-3677700736191885292,Josue Cajo,CONCUPON Perú,1757548001
jose03051999,6118374702,7948068251328147196,JOSE,CONCUPON Perú,1757548001
Jose12901290,5468864211,-2347222273093157113,Roselvis,CONCUPON Chiclayo | Grupo,1742629868
Jose5949,6919290331,-8000314672885713487,Jow Lopez,CONCUPON Perú,1757548001
Jose6577,1164567947,-6822396661295159410,Alfredo,CONCUPON Perú,1757548001
Jose_215215,1864475952,-6754015235005374830,Jose,CONCUPON Perú,1757548001
jose_larico,5766031469,1886466091723981946,Jose Miguel Larico Arango,CONCUPON Perú,1757548001
jose_lopez_x,1576086553,1259303170963191817,José López,CONCUPON Perú,1757548001
Joseaam9,1567096309,5093109546054082924,José A.,CONCUPON Perú,1757548001
JoseAbelardoQuinones,2135200695,2112303612302622153,José Abelardo Quiñones,CONCUPON Perú,1757548001
Josealejos92,1705626620,5321644045310559754,Jose Alejos,CONCUPON Arequipa | Grupo,1548523048
JoseAragon02,1040005107,2325011338260571844,Jose Aragon,CONCUPON Perú,1757548001
JoseBrillante,1131455305,-949343314369086455,Jose Brillante,CONCUPON Arequipa | Grupo,1548523048
JoseCaher,776964073,-5866935170304729898,Jose CH,CONCUPON Perú,1757548001
josecarlosdigital,931859834,6550570410769956961,Jose Carlos F. Guzmán,CONCUPON Perú,1757548001
josecarlosfv,1443691885,-7125870908350661007,Jose Carlos Flores,CONCUPON Perú,1757548001
josedelarosa98,1080614834,5137635923236588886,Jose Antonio De la Rosa,CONCUPON Perú,1757548001
Joseedusrdo123,1793039262,3696831511526335229,JOSHE,CONCUPON Perú,1757548001
JoseEnq,1588123960,-8567830068553378425,JooseEn,CONCUPON Perú,1757548001
josefdsfg,1873147865,-5318627873286298337,KEVIN R,CONCUPON Perú,1757548001
joseffahs,1527978069,4893264206005310879,Josef Fahsbender,CONCUPON Piura | Grupo,1512323102
josegavlun,1163219530,3129557203936573837,jose gavlun,CONCUPON Cuzco | Grupo,1889416612
Joseitomn,864748605,6462010675314695861,Joseitom,CONCUPON Perú,1757548001
JoseJoseHa,6569421444,3661129443466934995,Happy Jos,CONCUPON Perú,1757548001
Joselito0015,785974842,632099277705719686,Luis,CONCUPON Perú,1757548001
Josellapa,5621196500,7798378468066914443,Jose Llapa,CONCUPON Perú,1757548001
Joselyn_roxana31,1504520858,-3046232244989821568,Joselyn Sosa,CONCUPON Perú,1757548001
JoselynSandoval24,1996618143,-6936089928833045705,Joselyn Sandoval,CONCUPON Trujillo | Grupo,1503612828
JoseMejiaV,509184848,2149574329920771846,Dr.Web,CONCUPON Arequipa | Grupo,1548523048
josemendez13,1123613659,2593111332617776867,Jos,CONCUPON Arequipa | Grupo,1548523048
Josemiranda19207,1331341405,2931328731694243142,Jose Antonio,CONCUPON Perú,1757548001
JoseOyola20,1787531757,-5224842002913234180,Jose Berrocal,CONCUPON Perú,1757548001
joseph_lau,5165495271,3949217616160579298,Josh Luis,CONCUPON Perú,1757548001
Joseph_Lewis,1304612325,-3315969403232095650,Joseph Lewis,CONCUPON Perú,1757548001
Josephmadfer,744830515,-2101273732524091693,Joseph,CONCUPON Perú,1757548001
josephp009,1314734972,627541256017850283,Jean Paul,CONCUPON Trujillo | Grupo,1503612828
